需求名稱,需求鏈路
D1,"VNF23,VNF6"
D2,"VNF2,VNF4,VNF18"
D3,"VNF5,VNF15,VNF6"
D4,"VNF13,VNF15,VNF25,VNF2,VNF19,VNF16,VNF7"
D5,"VNF20,VNF8,VNF21,VNF22,VNF24,VNF7"
D6,"VNF19,VNF16,VNF9,VNF7,VNF3"
D7,"VNF12,VNF23,VNF25,VNF21"
D8,"VNF23,VNF7,VNF16"
D9,"VNF8,VNF16,VNF14,VNF9,VNF19"
D10,"VNF12,VNF5,VNF8,VNF15,VNF9,VNF19"
D11,"VNF7,VNF19,VNF17,VNF11,VNF4,VNF22"
D12,"VNF14,VNF4"
D13,"VNF24,VNF4,VNF18,VNF2,VNF3,VNF21,VNF9"
D14,"VNF11,VNF21,VNF18,VNF2,VNF25,VNF10"
D15,"VNF8,VNF12,VNF22,VNF5"
D16,"VNF21,VNF15,VNF25,VNF8,VNF5,VNF17,VNF16"
D17,"VNF17,VNF19,VNF24,VNF13,VNF21"
D18,"VNF6,VNF16"
D19,"VNF22,VNF20,VNF13"
D20,"VNF20,VNF10,VNF1"
D21,"VNF8,VNF5,VNF20,VNF4"
D22,"VNF16,VNF4,VNF7"
D23,"VNF12,VNF8,VNF7,VNF22,VNF17"
D24,"VNF13,VNF20"
D25,"VNF17,VNF4,VNF18,VNF7"
D26,"VNF8,VNF9,VNF14,VNF19,VNF20"
D27,"VNF22,VNF10,VNF20,VNF6"
D28,"VNF14,VNF17,VNF6,VNF11"
D29,"VNF25,VNF7,VNF8,VNF22,VNF17,VNF13,VNF4"
D30,"VNF11,VNF1,VNF14"
D31,"VNF12,VNF20,VNF13,VNF21,VNF10,VNF24,VNF6"
D32,"VNF17,VNF8,VNF4,VNF7"
D33,"VNF23,VNF20"
D34,"VNF5,VNF15,VNF18,VNF13,VNF6,VNF24"
D35,"VNF14,VNF13,VNF6,VNF5,VNF22,VNF21,VNF3"
D36,"VNF13,VNF22,VNF20,VNF18,VNF4"
D37,"VNF10,VNF18"
D38,"VNF14,VNF2,VNF8,VNF12,VNF3"
D39,"VNF25,VNF13,VNF7,VNF1,VNF9"
D40,"VNF18,VNF11,VNF5,VNF14,VNF8,VNF1"
D41,"VNF2,VNF6,VNF11,VNF25,VNF21,VNF4,VNF20"
D42,"VNF23,VNF2,VNF15,VNF24,VNF18,VNF11"
D43,"VNF7,VNF2"
D44,"VNF14,VNF24"
D45,"VNF2,VNF22"
D46,"VNF14,VNF4,VNF2,VNF18,VNF20,VNF8"
D47,"VNF25,VNF21,VNF16,VNF20,VNF1,VNF9"
D48,"VNF18,VNF5"
D49,"VNF6,VNF7,VNF15,VNF21,VNF24,VNF5"
D50,"VNF25,VNF24,VNF15,VNF17,VNF3"
D51,"VNF7,VNF15"
D52,"VNF23,VNF17,VNF2,VNF1,VNF11,VNF4"
D53,"VNF21,VNF1"
D54,"VNF17,VNF14,VNF13,VNF24,VNF6,VNF4"
D55,"VNF16,VNF15"
D56,"VNF23,VNF21,VNF25,VNF22,VNF14,VNF12"
D57,"VNF1,VNF6,VNF17,VNF24"
D58,"VNF19,VNF14,VNF21,VNF7,VNF12,VNF9,VNF24"
D59,"VNF23,VNF22"
D60,"VNF14,VNF9"
D61,"VNF22,VNF16,VNF11,VNF12,VNF10,VNF8,VNF15"
D62,"VNF4,VNF22,VNF17,VNF6,VNF14"
D63,"VNF21,VNF19,VNF3,VNF9,VNF10,VNF24,VNF16"
D64,"VNF19,VNF14,VNF10"
D65,"VNF21,VNF6"
D66,"VNF18,VNF23,VNF24,VNF19,VNF8"
D67,"VNF9,VNF7,VNF18"
D68,"VNF14,VNF4"
D69,"VNF20,VNF22,VNF2,VNF8"
D70,"VNF3,VNF2"
D71,"VNF19,VNF4,VNF16"
D72,"VNF1,VNF18,VNF4"
D73,"VNF9,VNF18,VNF6,VNF24,VNF2,VNF7"
D74,"VNF11,VNF24,VNF6"
D75,"VNF15,VNF17,VNF3"
D76,"VNF4,VNF21,VNF6,VNF17,VNF24,VNF15"
D77,"VNF4,VNF20,VNF1,VNF25"
D78,"VNF25,VNF19,VNF15,VNF5,VNF4,VNF16,VNF21"
D79,"VNF2,VNF12,VNF25,VNF3,VNF9,VNF1"
D80,"VNF18,VNF5,VNF16,VNF13,VNF4,VNF8,VNF15"
D81,"VNF18,VNF20,VNF4"
D82,"VNF12,VNF9,VNF1,VNF19,VNF22,VNF16"
D83,"VNF10,VNF23,VNF22"
D84,"VNF18,VNF9"
D85,"VNF17,VNF6,VNF18,VNF23,VNF21,VNF5"
D86,"VNF24,VNF5,VNF16"
D87,"VNF17,VNF2,VNF16,VNF3,VNF10"
D88,"VNF10,VNF13,VNF25,VNF6,VNF8"
D89,"VNF9,VNF17,VNF22,VNF11"
D90,"VNF9,VNF22,VNF24,VNF20,VNF12,VNF23,VNF3"
D91,"VNF24,VNF21,VNF1"
D92,"VNF20,VNF10,VNF11,VNF24,VNF8"
D93,"VNF16,VNF14,VNF5,VNF17"
D94,"VNF8,VNF19,VNF20,VNF21,VNF16,VNF7,VNF10"
D95,"VNF14,VNF18,VNF21"
D96,"VNF23,VNF7,VNF22,VNF8,VNF18,VNF3"
D97,"VNF8,VNF10,VNF4,VNF22,VNF11,VNF25,VNF24"
D98,"VNF1,VNF3,VNF11,VNF12,VNF17,VNF9"
D99,"VNF6,VNF18,VNF22,VNF20,VNF12"
D100,"VNF11,VNF15,VNF10,VNF3"
